<?xml version="1.0" encoding="UTF-8"?>
<ListView xmlns="http://soap.sforce.com/2006/04/metadata">
    <fullName>All</fullName>
    <columns>NAME</columns>
    <columns>Build_Year__c</columns>
    <columns>Car_Type__c</columns>
    <columns>Contact__c</columns>
    <columns>Geolocation__Latitude__s</columns>
    <columns>Geolocation__Longitude__s</columns>
    <columns>Mileage__c</columns>
    <columns>Per_Day_Rent__c</columns>
    <columns>Picture__c</columns>
    <filterScope>Everything</filterScope>
    <label>All</label>
</ListView>
